Dataset,Batch Size,Device,Nbr Epoch,Training Time,Training Energy,Training Carbon,Accuracy,CPU Energy,GPU Energy,RAM Energy
MNIST,10,cpu,1,57.19461607933045,0.0018110972478142,9.961034862978393e-05,98.08,0.0014794319732668,0.0001462861531734,0.0001853791213739
MNIST,10,cpu,1,58.46297883987427,0.001863713716892,0.000102504254429,98.43,0.001521163484152,0.000153063790775,0.000189486441965
MNIST,10,cpu,1,58.118828773498535,0.0018499052593456,0.000101744789264,98.62,0.0015109456237555,0.0001505862977037,0.0001883733378863
MNIST,10,cpu,1,58.40747427940369,0.0018611346112467,0.0001023624036185,98.66,0.0015177011524932,0.0001541248969201,0.0001893085618332
MNIST,10,cpu,1,57.78381705284119,0.0018394968193964,0.0001011723250668,98.61,0.001501262260731,0.0001509492804604,0.0001872852782049
MNIST,10,cpu,1,57.94635319709778,0.0018499472342543,0.0001017470978839,98.73,0.0015108404061713,0.0001512938247823,0.0001878130033006
MNIST,10,cpu,1,57.85585403442383,0.0018385246836316,0.0001011188575997,98.62,0.0015026335654392,0.0001483724595854,0.0001875186586069
MNIST,10,cpu,1,56.26820516586304,0.0017947837102601,9.871310406430635e-05,98.67,0.0014636156222804,0.0001487928639638,0.0001823752240158
MNIST,10,cpu,1,59.273229122161865,0.0018991050372445,0.0001044507770484,98.8,0.0015409399758065,0.0001660525517394,0.0001921125096986
MNIST,10,cpu,1,58.49964189529419,0.0018564728019301,0.0001021060041061,98.7,0.0015170611828146,0.0001498025809225,0.0001896090381928
MNIST,10,cpu,1,57.449310302734375,0.0018282936915611,0.0001005561530358,98.43,0.0014935391226081,0.0001485498912016,0.0001862046777513
MNIST,10,cpu,1,58.683146476745605,0.0011167294419449,6.142011930696988e-05,98.39,0.000777877659246,0.0001486518149548,0.0001901999677439
MNIST,10,cpu,1,57.10896301269531,0.0018187231316629,0.0001000297722414,98.67,0.0014828289807066,0.0001507939226322,0.0001851002283239
MNIST,10,cpu,1,56.52610850334168,0.0018004986098844,9.902742354364318e-05,98.57,0.0014708019902517,0.0001464864002602,0.0001832102193723
MNIST,10,cpu,1,57.23001766204834,0.001822137562253,0.0001002175659239,98.6,0.0014852940676787,0.0001513510683589,0.0001854924262153
MNIST,10,cpu,1,57.52508044242859,0.0018287236905476,0.0001005798029801,98.72,0.0014932828774031,0.0001489941629314,0.000186446650213
MNIST,10,cpu,1,57.60029029846192,0.001828311554337,0.0001005571354885,98.53,0.0014941535086551,0.0001474658050537,0.0001866922406281
MNIST,10,cpu,1,58.33092188835144,0.0018592461011705,0.0001022585355643,98.8,0.0015146111514101,0.0001555745021003,0.00018906044766
MNIST,10,cpu,1,57.92718124389648,0.0018399494311326,0.0001011972187122,98.41,0.001500924702961,0.0001512747886883,0.0001877499394832
MNIST,10,cpu,1,57.710583209991455,0.0018377054948149,0.0001010738022148,98.62,0.0014980163486898,0.0001526388741601,0.0001870502719649
MNIST,10,cpu,1,56.86037492752075,0.0018130700204667,9.971885112567116e-05,98.73,0.0014814351095915,0.0001473404568682,0.0001842944540068
MNIST,10,cpu,1,58.22467637062073,0.0018550557508426,0.0001020280662963,98.65,0.0015141854827362,0.0001521541001602,0.0001887161679461
MNIST,10,cpu,1,57.578779220581055,0.0018387547395898,0.0001011315106774,98.6,0.0014970665082077,0.0001550674356738,0.0001866207957082
MNIST,10,cpu,1,57.64264917373657,0.0018358800933887,0.0001009734051363,98.55,0.0014984780279481,0.0001505707167461,0.0001868313486944
MNIST,10,cpu,1,57.63751983642578,0.0018298049421028,0.0001006392718156,98.49,0.0014954826994407,0.0001475095926511,0.000186812650011
MNIST,10,cpu,1,58.46068620681763,0.0018614609270728,0.000102380350989,98.63,0.0015220903860046,0.0001498912113719,0.0001894793296961
MNIST,10,cpu,1,59.09481835365296,0.001884187482764,0.000103630311552,98.61,0.0015316877578492,0.0001609630949467,0.0001915366299681
MNIST,10,cpu,1,57.41410040855408,0.0018311625272364,0.000100713938998,98.49,0.0014981312982263,0.0001469421828105,0.0001860890461996
MNIST,10,cpu,1,58.86565160751343,0.0018687944657694,0.0001027836956173,98.51,0.0015288065302664,0.0001491961704246,0.0001907917650783
MNIST,10,cpu,1,58.33153963088989,0.0018528868033587,0.0001019087741847,98.38,0.0015143715887185,0.0001494524255878,0.0001890627890523
MNIST,10,cpu,1,56.780580043792725,0.0018124946200702,9.968720410386464e-05,98.73,0.0014767579939054,0.0001517029182585,0.0001840337079063
MNIST,10,cpu,1,59.53337979316712,0.0018935035608133,0.0001041426958447,98.69,0.0015448054613989,0.0001557402242322,0.0001929578751821
MNIST,10,cpu,1,57.49002647399902,0.0018426969107071,0.0001013483300888,98.54,0.0014952753664971,0.0001610885218422,0.0001863330223677
MNIST,10,cpu,1,57.14518976211548,0.0018203132294279,0.0001001172276185,98.46,0.0014887241018116,0.0001463715236737,0.0001852176039424
MNIST,10,cpu,1,57.84565043449402,0.0018418574362309,0.0001013021589927,98.72,0.0015046354642629,0.0001497341401473,0.0001874878318205
MNIST,10,cpu,1,57.2355637550354,0.0018241805035274,0.000100329927694,98.64,0.0014903325108761,0.0001483396890143,0.0001855083036369
MNIST,10,cpu,1,56.2726776599884,0.001790797981364,9.849388897502371e-05,98.43,0.0014640983412777,0.0001443123443773,0.000182387295709
MNIST,10,cpu,1,57.43007516860962,0.0018164218680724,9.990320274398604e-05,98.72,0.0014830672208972,0.0001472161265063,0.0001861385206688
MNIST,10,cpu,1,57.43159151077271,0.0010649169482655,5.857043215460335e-05,98.69,0.0007303523623369,0.0001484191090836,0.0001861454768449
MNIST,10,cpu,1,58.090895652771,0.0018470217119288,0.000101586194156,98.67,0.0015085313651574,0.0001502075079472,0.000188282838824
MNIST,10,cpu,1,57.52313780784607,0.0018346371020282,0.0001009050406115,98.47,0.0014947875944402,0.0001534061438242,0.0001864433637637
MNIST,10,cpu,1,56.508713245391846,0.0017956595683011,9.876127625656289e-05,98.41,0.0014692205214865,0.000143286022324,0.0001831530244905
MNIST,10,cpu,1,57.89673495292664,0.0018398358359377,0.0001011909709765,98.55,0.0015066431783691,0.0001455393248586,0.0001876533327099
MNIST,10,cpu,1,56.86544060707092,0.0018098419539105,9.954130746508248e-05,98.67,0.0014766519624317,0.000148881090386,0.0001843089010928
MNIST,10,cpu,1,57.242430210113525,0.0018199287612769,0.0001000960818702,98.55,0.0014845927582288,0.0001498048256312,0.0001855311774169
MNIST,10,cpu,1,56.65691328048706,0.0018046240196538,9.925432108096343e-05,98.57,0.0014723531284371,0.0001484728100581,0.0001837980811586
MNIST,10,cpu,1,57.43788933753967,0.0018299576675796,0.0001006476717168,98.42,0.0014920572253114,0.0001517362760126,0.0001861641662554
MNIST,10,cpu,1,57.7609281539917,0.0018413920679106,0.000101276563735,98.55,0.0015017601369627,0.0001524187483071,0.0001872131826407
MNIST,10,cpu,1,57.82413458824158,0.001843327462569,0.0001013830104412,98.69,0.001498705095352,0.0001572064138217,0.0001874159533953
MNIST,10,cpu,1,58.03420352935791,0.0018477233737694,0.0001016247855573,98.62,0.0015064359645922,0.0001531883827847,0.0001880990263924
MNIST,10,cpu,1,58.42583394050598,0.0018588408198771,0.0001022362450932,98.41,0.0015149820747624,0.0001544924243017,0.0001893663208129
MNIST,10,cpu,1,56.51498079299927,0.0017974962361471,9.88622929880946e-05,98.65,0.0014678893979216,0.0001464316786913,0.0001831751595341
MNIST,10,cpu,1,57.00562453269959,0.0018147755842131,9.981265713172348e-05,98.37,0.0014839286796419,0.0001460823631286,0.0001847645414424
MNIST,10,cpu,1,57.68503165245056,0.0018316018734932,0.0001007381030421,98.49,0.0014984970340744,0.0001461397284507,0.000186965110968
MNIST,10,cpu,1,58.40472173690796,0.0018574018852912,0.000102157103691,98.54,0.0015169677655176,0.000151133095987,0.0001893010237864
MNIST,10,cpu,1,57.42725133895874,0.0018258070564289,0.0001004193881035,98.38,0.0014896128058559,0.0001500648196062,0.0001861294309667
MNIST,10,cpu,1,58.37518262863159,0.0018546924247259,0.0001020080833599,98.26,0.0015157288214709,0.0001497592882431,0.0001892043150118
MNIST,10,cpu,1,58.428919315338135,0.0018699848023382,0.0001028491641286,98.69,0.0015184147030641,0.0001621937916115,0.0001893763076624
MNIST,10,cpu,1,57.423691511154175,0.0018205223494196,0.000100128729218,98.51,0.0014889721414545,0.0001454307831662,0.0001861194247987
MNIST,10,cpu,1,65.24392294883728,0.002056800005381,0.0001131240002959,98.58,0.0016780723538457,0.0001672638127068,0.0002114638388284
MNIST,10,cpu,1,57.9609055519104,0.0018454316776237,0.0001014987422693,98.23,0.0015058396521707,0.0001517330195893,0.0001878590058636
MNIST,10,cpu,1,57.53453207015991,0.0018328689028159,0.0001008077896548,98.72,0.0014974970421633,0.0001488945459278,0.0001864773147247
MNIST,10,cpu,1,57.82293248176575,0.0018369579159077,0.0001010326853749,98.54,0.0015031604505829,0.0001463820227084,0.0001874154426163
MNIST,10,cpu,1,58.49609851837158,0.0018603413749783,0.0001023187756238,98.76,0.0015195402567423,0.0001512053108414,0.0001895958073945
MNIST,10,cpu,1,58.809555530548096,0.0018756223007738,0.0001031592265425,98.63,0.0015295061277705,0.0001555064971536,0.0001906096758496
MNIST,10,cpu,1,57.23738837242127,0.0018225238011325,0.0001002388090622,98.46,0.001484133876195,0.0001528757268647,0.0001855141980727
MNIST,10,cpu,1,57.47340154647827,0.001829759614267,0.0001006367787846,98.53,0.0014948527664368,0.0001486258136443,0.0001862810341859
MNIST,10,cpu,1,57.74351263046265,0.0018370834442064,0.0001010395894313,98.63,0.0015021590181151,0.0001477680766916,0.0001871563493996
MNIST,10,cpu,1,57.57954788208008,0.0018352842610467,0.0001009406343575,98.57,0.0014967486679535,0.0001519089454497,0.0001866266476434
MNIST,10,cpu,1,57.4530200958252,0.0018294996024186,0.000100622478133,98.5,0.0014944789778044,0.0001488075031685,0.0001862131214456
MNIST,10,cpu,1,56.92626094818115,0.0018149363926673,9.982150159670576e-05,98.45,0.0014798962633605,0.0001505322546877,0.0001845078746191
MNIST,10,cpu,1,58.20004892349243,0.0018408994288727,0.0001012494685879,98.69,0.0015030829021875,0.0001491798068932,0.0001886367197918
MNIST,10,cpu,1,64.23153924942017,0.0020365570733369,0.0001120106390335,98.78,0.0016588169487191,0.0001695573978132,0.0002081827268045
MNIST,10,cpu,1,57.96936321258545,0.0018462855965659,0.0001015457078111,98.49,0.0015081990465582,0.000150198060374,0.0001878884896336
MNIST,10,cpu,1,57.68462610244751,0.0018399866510094,0.0001011992658055,98.58,0.0014989994028096,0.0001540228234219,0.0001869644247778
MNIST,10,cpu,1,57.32978963851929,0.0018176171433201,9.996894288260605e-05,98.47,0.0014832680941135,0.0001485356559717,0.0001858133932348
MNIST,10,cpu,1,57.383896589279175,0.0018345704327978,0.0001009013738038,98.46,0.0014938538259154,0.0001547242547753,0.000185992352107
MNIST,10,cpu,1,58.11927127838135,0.0018470031592856,0.0001015851737607,98.6,0.0015114234263599,0.0001472072071856,0.00018837252574
MNIST,10,cpu,1,59.19524049758911,0.0018750438034394,0.0001031274091891,98.41,0.0015316664122765,0.0001515157983536,0.0001918615928092
MNIST,10,cpu,1,62.32018494606018,0.0019606495351082,0.0001078357244309,98.47,0.0015971969466454,0.0001614648526203,0.0002019877358425
MNIST,10,cpu,1,59.889705419540405,0.0018999898164843,0.0001044994399066,98.73,0.0015523511393799,0.0001535262150176,0.0001941124620867
MNIST,10,cpu,1,57.95623135566712,0.0018509585713608,0.0001018027214248,98.6,0.0015070951937307,0.0001560193180402,0.0001878440595898
MNIST,10,cpu,1,57.31651592254639,0.0018252244175633,0.0001003873429659,98.42,0.001491286505806,0.0001481673451375,0.0001857705666197
MNIST,10,cpu,1,56.87987995147705,0.0018168232540214,9.992527897118108e-05,98.52,0.0014792512417333,0.000153216621808,0.00018435539048
MNIST,10,cpu,1,57.59875726699829,0.0018294415766899,0.0001006192867179,98.34,0.0014951076046962,0.0001476486659049,0.0001866853060887
MNIST,10,cpu,1,57.67599105834961,0.0018393459789909,0.0001011640288444,98.52,0.0014983630786895,0.0001540472615122,0.0001869356387891
MNIST,10,cpu,1,57.62111711502075,0.0018364204759697,0.0001010031261783,98.54,0.0014989228885817,0.0001507375205659,0.0001867600668219
MNIST,10,cpu,1,56.63978433609009,0.0017987102448163,9.892906346490022e-05,98.5,0.0014716496653743,0.0001434811603688,0.0001835794190731
MNIST,10,cpu,1,56.8701114654541,0.0018105483468583,9.958015907721164e-05,98.63,0.0014761847390024,0.0001500373039592,0.0001843263038967
MNIST,10,cpu,1,58.79171752929688,0.0018687524667551,0.0001027813856715,98.65,0.0015245946538414,0.000153603635016,0.0001905541778976
MNIST,10,cpu,1,57.20974612236023,0.0018191332454382,0.0001000523284991,98.53,0.0014870723238235,0.0001466362056826,0.000185424715932
MNIST,10,cpu,1,58.41870617866516,0.0018596843779824,0.000102282640789,98.52,0.0015190073874271,0.0001513316704084,0.0001893453201468
MNIST,10,cpu,1,56.33389115333557,0.0017896729909308,9.843201450119542e-05,98.69,0.001461146516694,0.0001459405303235,0.0001825859439131
MNIST,10,cpu,1,56.81355047225952,0.0018123385262179,9.96786189419875e-05,98.65,0.0014828297268183,0.0001453681864574,0.000184140612942
MNIST,10,cpu,1,58.22637987136841,0.0018481593123752,0.0001016487621806,98.48,0.0015103995635964,0.0001490380024462,0.0001887217463325
MNIST,10,cpu,1,57.76543426513672,0.0018375774764401,0.0001010667612042,98.62,0.0015008955754377,0.000149456336801,0.0001872255642013
MNIST,10,cpu,1,57.26968836784363,0.001101831508496,6.060073296728073e-05,98.49,0.0007617228010444,0.0001544896644592,0.0001856190429923
MNIST,10,cpu,1,58.229395389556885,0.0018425396771468,0.000101339682243,98.24,0.0015060963720983,0.0001477136822104,0.000188729622838
MNIST,10,cpu,1,58.85548758506775,0.001872831933921,0.0001030057563656,98.64,0.0015312856044719,0.0001507876668668,0.0001907586625822
MNIST,10,cpu,1,56.23720908164978,0.0017871923474227,9.82955791082492e-05,98.7,0.0014594797345272,0.000145440047727,0.0001822725651683
MNIST,32,cpu,1,39.00590229034424,0.0012302709652441,6.766490308842969e-05,98.45,0.0010007884914634,0.0001030551710128,0.0001264273027678
MNIST,32,cpu,1,39.28276777267456,0.0012509589728299,6.880274350564611e-05,98.59,0.0010156047155386,0.0001080325936675,0.0001273216636237
MNIST,32,cpu,1,39.723151206970215,0.0012588680943706,6.923774519038759e-05,98.52,0.0010242303749391,0.0001058889787496,0.0001287487406818
MNIST,32,cpu,1,39.99076962471008,0.0007317142328883,4.024428280886169e-05,98.52,0.0005020609688706,0.0001000369640807,0.0001296162999369
MNIST,32,cpu,1,40.62859749794006,0.0012752687826257,7.013978304441459e-05,98.5,0.0010385876158694,0.0001049976677898,0.0001316834989664
MNIST,32,cpu,1,39.03343462944031,0.0012313529108317,6.772441009574482e-05,98.59,0.0010059177919558,9.892159723460674e-05,0.0001265135216413
MNIST,32,cpu,1,40.81907248497009,0.0012824575335568,7.053516434562431e-05,98.39,0.0010446077229077,0.0001055478873859,0.0001323019232631
MNIST,32,cpu,1,39.02570414543152,0.0012343142219321,6.78872822062664e-05,98.52,0.0010069612541794,0.0001008645415094,0.0001264884262432
MNIST,32,cpu,1,39.81311202049256,0.0012578966135456,6.918431374501054e-05,98.6,0.0010249151035425,0.0001039409955227,0.0001290405144803
MNIST,32,cpu,1,39.52367520332336,0.0012483161804459,6.865738992452899e-05,98.43,0.001020023703796,0.0001001891620043,0.0001281033146455
MNIST,32,cpu,1,39.17792797088623,0.0012364388697134,6.800413783423938e-05,98.57,0.0010091022958923,0.0001003547289021,0.0001269818449189
MNIST,32,cpu,1,40.69012236595154,0.0012855961838703,7.070779011287184e-05,98.51,0.0010484907390697,0.0001052225411208,0.0001318829036798
MNIST,32,cpu,1,40.44980072975159,0.0012789173419632,7.034045380797706e-05,98.53,0.0010421652020648,0.000105648067524,0.0001311040723743
MNIST,32,cpu,1,40.23446011543274,0.001267835052203,6.97309278711678e-05,98.53,0.0010332816357913,0.0001041472983984,0.0001304061180133
MNIST,32,cpu,1,40.04347825050354,0.0012666482645928,6.966565455260566e-05,98.41,0.0010322919183328,0.0001045681077639,0.000129788238496
MNIST,32,cpu,1,38.70664310455322,0.0012265338423969,6.745936133183291e-05,98.48,0.0009979798108832,0.0001030987751436,0.0001254552563701
MNIST,32,cpu,1,39.07873964309693,0.00123732665068,6.805296578740134e-05,98.55,0.001005374834577,0.000105291491483,0.0001266603246199
MNIST,32,cpu,1,39.19255089759827,0.0012398429159103,6.819136037506806e-05,98.6,0.0010124087335374,0.000100404943192,0.0001270292391808
MNIST,32,cpu,1,39.71666216850281,0.0012512317911022,6.881774851062375e-05,98.66,0.0010209073047807,0.000101595841431,0.0001287286448904
MNIST,32,cpu,1,39.20561861991882,0.001241573249146,6.8286528703033e-05,98.43,0.0010110155749229,0.000103485963886,0.000127071710337
MNIST,32,cpu,1,40.97473740577698,0.0012917462263248,7.10460424478686e-05,98.47,0.001052710108834,0.0001062298297361,0.0001328062877546
MNIST,32,cpu,1,43.970497608184814,0.0013878849309342,7.633367120138416e-05,98.45,0.001131722692044,0.0001136469599808,0.0001425152789093
MNIST,32,cpu,1,39.32548451423645,0.001244908690434,6.846997797387519e-05,98.46,0.0010136752959395,0.0001037724875755,0.0001274609069189
MNIST,32,cpu,1,39.61805057525635,0.0012568398294541,6.91261906199801e-05,98.57,0.0010217219873769,0.0001067095151074,0.0001284083269697
MNIST,32,cpu,1,38.82602882385254,0.001224592456218,6.735258509199402e-05,98.43,0.0009982512133225,0.0001004996204781,0.0001258416224173
MNIST,32,cpu,1,39.309934854507446,0.0012478266925623,6.863046809092775e-05,98.5,0.0010113579476968,0.0001090590487551,0.0001274096961103
MNIST,32,cpu,1,39.02085280418396,0.0012317971490519,6.774884319785468e-05,98.51,0.001004470583298,0.0001008538507938,0.00012647271496
MNIST,32,cpu,1,38.99453687667847,0.0012270544012052,6.748799206628803e-05,98.58,0.001000909951005,9.975702914774418e-05,0.0001263874210523
MNIST,32,cpu,1,38.84933567047119,0.0012299631425286,6.764797283907401e-05,98.33,0.0010013709180405,0.0001026751922386,0.0001259170322494
MNIST,32,cpu,1,39.1659300327301,0.0012364495389631,6.800472464297462e-05,98.38,0.0010077562187043,0.0001015814716577,0.000127111848601
MNIST,32,cpu,1,39.698408126831055,0.0012471425948035,6.859284271419455e-05,98.56,0.0010180745666812,0.0001003992935106,0.0001286687346116
MNIST,32,cpu,1,40.011091470718384,0.0012575779386782,6.916678662730269e-05,98.61,0.0010245510971402,0.0001033445622479,0.00012968227929
MNIST,32,cpu,1,41.58038449287415,0.0013058378502948,7.182108176621605e-05,98.53,0.0010665682182538,0.0001045000134372,0.0001347696186036
MNIST,32,cpu,1,40.848352909088135,0.0012925700780851,7.10913542946843e-05,98.35,0.0010524282286085,0.0001077452899187,0.0001323965595578
MNIST,32,cpu,1,40.03147530555725,0.0012604216871977,6.932319279587878e-05,98.55,0.0010282334775861,0.000102440172744,0.0001297480368676
MNIST,32,cpu,1,39.66704106330872,0.0012540547897671,6.897301343719151e-05,98.55,0.0010227928982336,0.0001026925834114,0.0001285693081219
MNIST,32,cpu,1,38.90220355987549,0.001231794134137,6.774867737753971e-05,98.54,0.0010039375267604,0.0001017684912149,0.0001260881161616
MNIST,32,cpu,1,38.60945343971253,0.0012135502186314,6.674526202472932e-05,98.41,0.0009886702028799,9.973948268804284e-05,0.0001251405330634
MNIST,32,cpu,1,39.66884732246399,0.0012519481783524,6.885714980938348e-05,98.65,0.0010197870574956,0.0001035872141785,0.0001285739066782
MNIST,32,cpu,1,38.952231884002686,0.0012282782778147,6.755530527980897e-05,98.49,0.0010002590802066,0.0001017688809156,0.0001262503166924
MNIST,32,cpu,1,39.40982222557068,0.0012459073425993,6.852490384296262e-05,98.43,0.0010130071490161,0.0001051659086362,0.0001277342849468
MNIST,32,cpu,1,39.81509232521057,0.0012537106754941,6.895408715218051e-05,98.42,0.0010217781393662,0.0001028848321049,0.0001290477040229
MNIST,32,cpu,1,40.26135563850403,0.0012632022217389,6.947612219564147e-05,98.51,0.0010308618671888,0.000101845816909,0.000130494537641
MNIST,32,cpu,1,39.82569408416748,0.0012598047130313,6.928925921672173e-05,98.61,0.0010255238265295,0.0001051997600697,0.000129081126432
MNIST,32,cpu,1,40.67283725738525,0.0012889977736517,7.089487755084543e-05,98.54,0.0010485893274818,0.0001085800606118,0.000131828385558
MNIST,32,cpu,1,40.15434384346008,0.001266865433105,6.967759882077623e-05,98.49,0.0010328805165815,0.0001038383808692,0.0001301465356542
MNIST,32,cpu,1,39.01559209823608,0.0012355136273649,6.795324950507431e-05,98.57,0.0010071227090308,0.0001019350528985,0.0001264558654356
MNIST,32,cpu,1,40.31096649169922,0.0012717931490409,6.994862319725473e-05,98.61,0.0010378302555413,0.0001033065308779,0.0001306563626217
MNIST,32,cpu,1,39.3983051776886,0.0012454313098585,6.849872204222162e-05,98.34,0.0010157306170282,0.0001020044914404,0.0001276962013898
MNIST,32,cpu,1,39.11686182022095,0.0012391684399432,6.815426419687701e-05,98.5,0.0010070207125603,0.0001053629473304,0.0001267847800523
MNIST,32,cpu,1,40.34535717964173,0.0012705853570649,6.988219463857282e-05,98.59,0.0010366205067957,0.0001031991585365,0.0001307656917326
MNIST,32,cpu,1,40.16630983352661,0.0012704469980555,6.987458489305458e-05,98.4,0.0010352890948972,0.0001049726580301,0.000130185245128
MNIST,32,cpu,1,46.81161642074585,0.0014615982448025,8.038790346414235e-05,98.54,0.0011914050856233,0.0001184681581808,0.0001517250009984
MNIST,32,cpu,1,39.34365892410278,0.0012432088312742,6.837648572008423e-05,98.58,0.0010119271675966,0.0001037627489577,0.0001275189147198
MNIST,32,cpu,1,39.00626730918884,0.0012338508628077,6.786179745442435e-05,98.64,0.0010073927209135,0.000100032240098,0.0001264259017961
MNIST,32,cpu,1,38.64745545387268,0.0012204549717366,6.712502344551684e-05,98.48,0.0009961812777777,9.901059789538384e-05,0.0001252630960635
MNIST,32,cpu,1,40.3928816318512,0.0012765311264066,7.020921195236787e-05,98.43,0.0010412319421515,0.0001043786391725,0.0001309205450825
MNIST,32,cpu,1,39.23244166374207,0.0012409988570918,6.825493714005265e-05,98.6,0.0010103599735651,0.0001034803817182,0.0001271585018084
MNIST,32,cpu,1,39.4174427986145,0.0012437303981335,6.840517189734299e-05,98.49,0.0010140815179312,0.0001018891536712,0.000127759726531
MNIST,32,cpu,1,40.8623206615448,0.0012884015908653,7.08620874975928e-05,98.37,0.0010490759123156,0.0001068846085834,0.0001324410699662
MNIST,32,cpu,1,40.02623605728149,0.0012652323089544,6.958777699249336e-05,98.46,0.001033107007596,0.0001023940096957,0.0001297312916626
MNIST,32,cpu,1,39.37330460548401,0.0012410274627294,6.825651045012239e-05,98.38,0.0010137882782521,9.962290724754334e-05,0.0001276162772297
MNIST,32,cpu,1,39.57823872566223,0.0012463329612113,6.854831286662418e-05,98.52,0.0010155505296619,0.0001025032033869,0.0001282792281623
MNIST,32,cpu,1,39.01477718353272,0.0012279498646701,6.753724255686029e-05,98.61,0.0010026111165326,9.888556255287596e-05,0.0001264531855846
MNIST,32,cpu,1,40.14420318603516,0.0012649791674131,6.957385420772159e-05,98.5,0.0010321781049084,0.000102685875234,0.0001301151872705
MNIST,32,cpu,1,39.30787634849548,0.0012410391009633,6.825715055298584e-05,98.53,0.001010968289885,0.0001026668973569,0.0001274039137213
MNIST,32,cpu,1,40.21604585647583,0.0012668109994716,6.967460497094008e-05,98.52,0.0010323523092145,0.0001041113968274,0.0001303472934296
MNIST,32,cpu,1,38.80510854721069,0.0012271232004557,6.749177602506549e-05,98.55,0.0009988389132371,0.0001025096085296,0.0001257746786888
MNIST,32,cpu,1,42.27870965003967,0.0013302754738666,7.316515106266685e-05,98.57,0.001085118566983,0.0001081233721154,0.0001370335347681
MNIST,32,cpu,1,39.80278968811035,0.0012489480603665,6.869214332016175e-05,98.55,0.0010181208681071,0.0001018175988393,0.00012900959342
MNIST,32,cpu,1,39.50030755996704,0.0012475900681789,6.861745374984192e-05,98.49,0.0010183660766366,0.0001011955674497,0.0001280284240925
MNIST,32,cpu,1,39.32850527763367,0.001241070730308,6.825889016694532e-05,98.59,0.0010120132773877,0.0001015866395164,0.0001274708134038
MNIST,32,cpu,1,39.41680002212525,0.0012444226861636,6.844324773899877e-05,98.65,0.0010169531321729,9.971111329356827e-05,0.000127758440697
MNIST,32,cpu,1,39.31755518913269,0.001267025827711,6.968642052410805e-05,98.58,0.0010147695015371,0.0001248210292956,0.0001274352968782
MNIST,32,cpu,1,39.684696435928345,0.001250550111237,6.878025611803733e-05,98.57,0.0010181508264644,0.0001037742468775,0.000128625037895
MNIST,32,cpu,1,46.590309143066406,0.0014658214072871,8.062017740079548e-05,98.5,0.0011894017292983,0.0001254133298774,0.0001510063481113
MNIST,32,cpu,1,43.0023717880249,0.0013393266218594,7.366296420227236e-05,98.56,0.0010885517375073,0.0001113963949729,0.0001393784893791
MNIST,32,cpu,1,38.9221510887146,0.0012292665588768,6.760966073822543e-05,98.35,0.0010035966289877,9.951731725613276e-05,0.0001261526126329
MNIST,32,cpu,1,39.111751079559326,0.0012385445135673,6.811994824620195e-05,98.45,0.0010065852608231,0.0001051894104655,0.0001267698422786
MNIST,32,cpu,1,39.40464210510254,0.0012475969386933,6.86178316281332e-05,98.48,0.0010168612912661,0.0001030181076852,0.0001277175397419
MNIST,32,cpu,1,41.2188892364502,0.0012978053860041,7.137929623022557e-05,98.53,0.0010596777171859,0.0001045308505239,0.0001335968182942
MNIST,32,cpu,1,39.21999311447144,0.0012325920067707,6.779256037239171e-05,98.52,0.0010061988921806,9.927487159252168e-05,0.0001271182429975
MNIST,32,cpu,1,38.850900173187256,0.0012327977699291,6.780387734610186e-05,98.52,0.0010001047123053,0.0001067713279077,0.000125921729716
MNIST,32,cpu,1,39.05239176750183,0.0012343732050908,6.789052627999521e-05,98.47,0.0010056914537191,0.0001021066897498,0.0001265750616218
MNIST,32,cpu,1,38.84967422485352,0.0012306720729427,6.768696401184927e-05,98.6,0.0010010637252947,0.0001036904252057,0.0001259179224421
MNIST,32,cpu,1,38.72958040237427,0.0012265233684997,6.74587852674884e-05,98.66,0.0009984573929319,0.0001023746828995,0.0001256912926682
MNIST,32,cpu,1,39.21327543258667,0.001236020628381,6.798113456095523e-05,98.42,0.001008593195485,0.0001003301534732,0.0001270972794227
MNIST,32,cpu,1,41.05325746536255,0.0012945765524592,7.120171038525633e-05,98.6,0.0010542201836532,0.0001072955616633,0.0001330608071426
MNIST,32,cpu,1,39.78735399246216,0.0012557357401127,6.906546570620045e-05,98.52,0.0010226614692396,0.0001041170767307,0.0001289571941423
MNIST,32,cpu,1,40.31645655632019,0.0012710709711175,6.990890341146285e-05,98.63,0.0010362637401214,0.0001041341108055,0.0001306731201904
MNIST,32,cpu,1,39.010807514190674,0.0012370463384509,6.803754861480182e-05,98.53,0.0010098179145203,0.0001007874962687,0.0001264409276618
MNIST,32,cpu,1,40.534605264663696,0.0012729765444797,7.001370994638469e-05,98.57,0.0010377454849179,0.0001038520837771,0.0001313789757845
MNIST,32,cpu,1,38.68481469154358,0.0012276285667059,6.751957116882678e-05,98.52,0.0009989820233516,0.0001032629984982,0.000125383544856
MNIST,32,cpu,1,40.55981397628784,0.001281512613107,7.048319372088629e-05,98.59,0.0010440278729994,0.0001060240134133,0.0001314607266942
MNIST,32,cpu,1,40.846994400024414,0.0012890675083151,7.08987129573329e-05,98.5,0.0010478121476934,0.0001088637635791,0.0001323915970425
MNIST,32,cpu,1,40.49382257461548,0.0012770778309144,7.023928070029615e-05,98.5,0.0010411417293016,0.0001046865538215,0.0001312495477913
MNIST,32,cpu,1,39.04134130477905,0.001228017384329,6.754095613809914e-05,98.62,0.0010004395742399,0.0001010383484485,0.0001265394616406
MNIST,32,cpu,1,40.13102579116821,0.0007651195984603,4.2081577915321954e-05,98.59,0.0005312382819347,0.000103810406297,0.0001300709102286
MNIST,32,cpu,1,40.07723546028137,0.0012649683694785,6.957326032132027e-05,98.47,0.0010325696274439,0.0001025021967583,0.0001298965452762
MNIST,32,cpu,1,40.76233339309693,0.0012873934281168,7.080663854642682e-05,98.44,0.0010486666214326,0.00010660966641,0.0001321171402741
MNIST,64,cpu,1,35.99975514411926,0.0011259972203751,6.192984712063371e-05,98.46,0.0009153595306203,9.39552184439368e-05,0.0001166824713108
MNIST,64,cpu,1,35.30724120140076,0.0011147545133975,6.131149823686256e-05,98.53,0.0009023611166105,9.795415702382724e-05,0.0001144392397631
MNIST,64,cpu,1,35.98219060897827,0.0011355800140705,6.24569007738793e-05,98.49,0.0009267838675376,9.21691113551458e-05,0.0001166270351777
MNIST,64,cpu,1,35.433852672576904,0.00111426876249,6.128478193695418e-05,98.6,0.0009077410000811,9.16807286090321e-05,0.0001148470337999
MNIST,64,cpu,1,35.11889910697937,0.0011095169547575,6.1023432511666776e-05,98.51,0.0009027469433081,9.294149952517618e-05,0.0001138285119243
MNIST,64,cpu,1,35.85525298118591,0.0011326507265153,6.229578995834223e-05,98.46,0.0009207861230171,9.564926390488944e-05,0.0001162153395932
MNIST,64,cpu,1,35.607370138168335,0.0011249603553791,6.187281954585523e-05,98.44,0.0009155117112976,9.403889103035132e-05,0.0001154097530511
MNIST,64,cpu,1,36.1054756641388,0.0011362955924833,6.249625758658464e-05,98.55,0.0009268362389683,9.243543457031252e-05,0.0001170239189446
MNIST,64,cpu,1,35.592724561691284,0.0006517690167433,3.5847295920883e-05,98.55,0.0004443547713168,9.205221505032646e-05,0.0001153620303761
MNIST,64,cpu,1,35.56465530395508,0.0011191587634433,6.155373198938489e-05,98.49,0.0009129654139828,9.092240929020776e-05,0.0001152709401702
MNIST,64,cpu,1,37.4174075126648,0.0011674185502883,6.420802026585889e-05,98.53,0.0009505249079193,9.561512075781824e-05,0.0001212785216112
MNIST,64,cpu,1,35.54218769073486,0.0011203602055062,6.161981130284344e-05,98.5,0.0009115025394792,9.3659343791008e-05,0.000115198322236
MNIST,64,cpu,1,35.50641107559204,0.0011149402057492,6.132171131620738e-05,98.44,0.000906234909154,9.36232689189911e-05,0.0001150820276762
MNIST,64,cpu,1,35.41592240333557,0.0011154290456978,6.134859751338038e-05,98.58,0.0009120261012869,8.861397327615155e-05,0.0001147889711347
MNIST,64,cpu,1,37.20892333984375,0.00116479402142,6.406367117810009e-05,98.58,0.0009501120906446,9.408186583201092e-05,0.0001206000649433
MNIST,64,cpu,1,36.12322211265564,0.0011371543100615,6.254348705338479e-05,98.55,0.0009267380063898,9.333255326747896e-05,0.0001170837504042
MNIST,64,cpu,1,35.83256721496582,0.0011308763895573,6.219820142565444e-05,98.54,0.0009221747719058,9.256225507908398e-05,0.0001161393625723
MNIST,64,cpu,1,36.13299179077149,0.001135984426584,6.247914346212224e-05,98.44,0.0009274683755852,9.140048006872337e-05,0.00011711557093
MNIST,64,cpu,1,35.428449869155884,0.0011170997996338,6.144048897986202e-05,98.52,0.0009107314802512,9.153872779614397e-05,0.0001148295915864
MNIST,64,cpu,1,35.48496603965759,0.0011204340764309,6.162387420370173e-05,98.39,0.000911822498624,9.359636790302066e-05,0.0001150152099038
MNIST,64,cpu,1,35.391555309295654,0.0011150413148719,6.132727231795686e-05,98.54,0.0009089257240844,9.14031947718726e-05,0.0001147123960156
MNIST,64,cpu,1,35.61596751213074,0.0011213583151173,6.167470733145385e-05,98.42,0.0009120748443815,9.384513801667428e-05,0.0001154383327191
MNIST,64,cpu,1,34.94971799850464,0.001096111279414,6.028612036777277e-05,98.51,0.0008952866965065,8.754390268855625e-05,0.0001132806802189
MNIST,64,cpu,1,35.947816610336304,0.0011259126406965,6.192519523831163e-05,98.48,0.0009183865808197,9.101317414164544e-05,0.0001165128857351
MNIST,64,cpu,1,35.42393922805786,0.0011097524233767,6.103638328571906e-05,98.43,0.0009042958598249,9.064149477938812e-05,0.0001148150687723
MNIST,64,cpu,1,37.03883957862854,0.0011618685334588,6.390276934023742e-05,98.59,0.0009459546200964,9.58624930434757e-05,0.0001200514203189
MNIST,64,cpu,1,35.62180018424988,0.0011216697516872,6.169183634280019e-05,98.53,0.00091499666033,9.12168906466166e-05,0.0001154562007105
MNIST,64,cpu,1,36.10434031486511,0.0011363404916815,6.249872704248455e-05,98.42,0.0009258936712699,9.342414634585382e-05,0.0001170226740657
MNIST,64,cpu,1,35.350656270980835,0.0011117061593019,6.114383876160566e-05,98.5,0.0009075374821405,8.958883331365056e-05,0.0001145798438477
MNIST,64,cpu,1,35.322402238845825,0.0011096776951893,6.103227323541169e-05,98.52,0.0009047669827018,9.04210060611036e-05,0.0001144897064263
MNIST,64,cpu,1,35.63862919807434,0.0011193163284891,6.156239806690136e-05,98.44,0.0009117138732594,9.209167921476892e-05,0.0001155107760149
MNIST,64,cpu,1,35.77473282814026,0.0011232863443262,6.178074893794543e-05,98.49,0.0009159061674465,9.14286913341946e-05,0.0001159514855455
MNIST,64,cpu,1,35.044456243515015,0.0011083944760249,6.096169618137256e-05,98.46,0.0008966009508912,9.820587524837918e-05,0.0001135876498852
MNIST,64,cpu,1,35.54700064659119,0.00111881074448,6.153459094640364e-05,98.53,0.0009126977073798,9.089654086907704e-05,0.0001152164962311
MNIST,64,cpu,1,35.540852546691895,0.0011176806472385,6.147243559812205e-05,98.57,0.0009115551650768,9.0929311224752e-05,0.0001151961709369
MNIST,64,cpu,1,35.73528051376343,0.0011269547120999,6.198250916549976e-05,98.56,0.0009150741237253,9.605521500905356e-05,0.0001158253733655
MNIST,64,cpu,1,35.357696771621704,0.0011150796480992,6.132938064545622e-05,98.44,0.0009091041161715,9.137540296792984e-05,0.0001146001289596
MNIST,64,cpu,1,35.76108169555664,0.0011218937772267,6.170415774746874e-05,98.46,0.0009155151360226,9.046884944160778e-05,0.0001159097917624
MNIST,64,cpu,1,35.68483591079712,0.0011244436429102,6.1844400360066e-05,98.49,0.0009166420297019,9.214125313527054e-05,0.000115660360073
MNIST,64,cpu,1,35.45487904548645,0.0011178941462473,6.148417804360592e-05,98.53,0.0009094504053375,9.35262613385916e-05,0.0001149174795712
MNIST,64,cpu,1,35.80029010772705,0.0011223644696118,6.173004582864923e-05,98.47,0.0009157496292657,9.058010787248612e-05,0.0001160347324735
MNIST,64,cpu,1,35.90534806251526,0.0011320931529532,6.226512341242985e-05,98.45,0.0009228759291334,9.283966437737147e-05,0.0001163775594424
MNIST,64,cpu,1,36.05792832374573,0.0011356219014991,6.24592045824557e-05,98.58,0.000922376611234,9.637405328022108e-05,0.0001168712369849
MNIST,64,cpu,1,35.79557538032532,0.0011258660999122,6.192263549517126e-05,98.49,0.0009181352858965,9.171157491359446e-05,0.000116019239102
MNIST,64,cpu,1,35.353166341781616,0.0011132167072016,6.122691889609058e-05,98.5,0.0009080587214463,9.056847574373086e-05,0.0001145895100115
MNIST,64,cpu,1,36.12898802757263,0.0011359775110755,6.247876310915662e-05,98.43,0.0009243923278466,9.448380206346512e-05,0.0001171013811655
MNIST,64,cpu,1,35.276278495788574,0.0011043602124064,6.073981168235231e-05,98.54,0.0008987019806276,9.13219537758165e-05,0.0001143362780029
MNIST,64,cpu,1,35.908236503601074,0.0011290921071193,6.21000658915643e-05,98.44,0.000919778942767,9.29263529330492e-05,0.0001163868114192
MNIST,64,cpu,1,35.66003084182739,0.0011210137906505,6.165575848577955e-05,98.59,0.0009141462049274,9.128645357423358e-05,0.0001155811321488
MNIST,64,cpu,1,34.909749031066895,0.0010989183398614,6.044050869238038e-05,98.62,0.0008964538054958,8.931614281137786e-05,0.0001131483915542
MNIST,64,cpu,1,35.426114320755005,0.0011167979077134,6.14238849242382e-05,98.45,0.0009056208967183,9.63550223653184e-05,0.0001148219886297
MNIST,64,cpu,1,35.397972106933594,0.001116133073974,6.138731906857275e-05,98.52,0.0009080443275459,9.335794923265776e-05,0.0001147307971953
MNIST,64,cpu,1,35.59494924545288,0.0011162654793573,6.139460136465556e-05,98.49,0.0009098666642816,9.102964461220632e-05,0.0001153691704635
MNIST,64,cpu,1,35.906378507614136,0.0011305927535925,6.218260144758757e-05,98.55,0.0009214561182754,9.275396113024818e-05,0.0001163826741868
MNIST,64,cpu,1,35.20996069908142,0.0011075547206016,6.09155096330884e-05,98.48,0.000901519578715,9.191349228335752e-05,0.0001141216496031
MNIST,64,cpu,1,35.81200814247131,0.0011203691692429,6.16203043083648e-05,98.52,0.0009127120165579,9.158457465741368e-05,0.0001160725780276
MNIST,64,cpu,1,35.512818813323975,0.0011172254192124,6.144739805668493e-05,98.55,0.0009103760694113,9.174635004997254e-05,0.000115102999751
MNIST,64,cpu,1,35.35139751434326,0.0011115319789068,6.113425883987472e-05,98.45,0.0009074868232111,8.946280122631125e-05,0.0001145823544693
MNIST,64,cpu,1,35.44073128700256,0.0011143997605624,6.129198683093594e-05,98.51,0.0009070544917541,9.247607291897136e-05,0.0001148691958893
MNIST,64,cpu,1,35.8181095123291,0.0011289507768965,6.209229272930956e-05,98.56,0.000921232153374,9.162179006159307e-05,0.0001160968334609
MNIST,64,cpu,1,34.839263916015625,0.0010944711141203,6.019591127661778e-05,98.53,0.0008923351605342,8.921330315848191e-05,0.0001129226504276
MNIST,64,cpu,1,35.94731616973877,0.0011321739497764,6.226956723770334e-05,98.51,0.0009217734493626,9.388674689531329e-05,0.0001165137535184
MNIST,64,cpu,1,34.33913707733154,0.0010798887927097,5.939388359903612e-05,98.47,0.0008798659544477,8.872415280236138e-05,0.0001112986854596
MNIST,64,cpu,1,35.25311350822449,0.0011109047872172,6.109976329694703e-05,98.46,0.0009035992634343,9.304433647175629e-05,0.000114261187311
MNIST,64,cpu,1,36.011884927749634,0.0011311020793554,6.221061436454794e-05,98.49,0.0009222572030829,9.212476727366449e-05,0.0001167201089987
MNIST,64,cpu,1,36.04865860939026,0.0011280818311178,6.204450071147973e-05,98.45,0.0009189507479377,9.228876973092556e-05,0.0001168423134491
MNIST,64,cpu,1,35.31854581832886,0.0011089411446326,6.099176295479458e-05,98.5,0.0009031223763862,9.134280803382395e-05,0.0001144759602125
MNIST,64,cpu,1,35.96134638786316,0.0011319634307226,6.225798868974577e-05,98.55,0.0009224095534826,9.299465202861362e-05,0.0001165592252114
MNIST,64,cpu,1,36.14244198799133,0.0011374621032064,6.256041567635744e-05,98.43,0.000926480218128,9.366165327972836e-05,0.0001173202317987
MNIST,64,cpu,1,35.26929235458374,0.0011093716168056,6.10154389243128e-05,98.49,0.000904763066032,9.029478027343752e-05,0.0001143137705001
MNIST,64,cpu,1,35.53008270263672,0.0011152561087416,6.133908598079173e-05,98.4,0.0009081245887213,9.196906204150784e-05,0.0001151624579788
MNIST,64,cpu,1,36.078845262527466,0.001135436487456,6.244900681008529e-05,98.45,0.0009241687021121,9.433059836996928e-05,0.0001169371869739
MNIST,64,cpu,1,35.54288625717163,0.0011183117001843,6.150714351014033e-05,98.5,0.0009120955455091,9.101562627580432e-05,0.0001152005283993
MNIST,64,cpu,1,35.530606746673584,0.0011154777264551,6.135127495503425e-05,98.57,0.0009074073759253,9.290729986190797e-05,0.0001151630506679
MNIST,64,cpu,1,36.750834941864014,0.0011632023466054,6.397612906329763e-05,98.53,0.0009440785894289,0.0001000085568621,0.0001191152003143
MNIST,64,cpu,1,35.376370906829834,0.0011076960145034,6.092328079769095e-05,98.5,0.0009012423440488,9.162441964507104e-05,0.0001148292508095
MNIST,64,cpu,1,36.2653546333313,0.0011497963190632,6.323879754848027e-05,98.45,0.0009295232391735,0.0001025616748485,0.0001177114050411
MNIST,64,cpu,1,35.85877013206482,0.0011318884821719,6.22538665194578e-05,98.53,0.0009209870298445,9.467317557579944e-05,0.0001162282767515
MNIST,64,cpu,1,36.18441343307495,0.0011377812206962,6.2577967138296e-05,98.51,0.0009270104093855,9.349128496481312e-05,0.0001172795263459
MNIST,64,cpu,1,35.849531412124634,0.0011279531490192,6.203742319605767e-05,98.49,0.0009191304622482,9.2625756084919e-05,0.000116196930686
MNIST,64,cpu,1,35.748260259628296,0.0011237602617908,6.18068143984944e-05,98.46,0.0009155071679607,9.23843822977278e-05,0.0001158687115323
MNIST,64,cpu,1,35.39482545852661,0.0011101918936489,6.106055415069055e-05,98.47,0.0009050126656762,9.045870894855923e-05,0.0001147205190241
MNIST,64,cpu,1,35.597310066223145,0.0011198241234907,6.159032679199022e-05,98.49,0.0009134810755065,9.09663332919942e-05,0.0001153767146922
MNIST,64,cpu,1,35.843114614486694,0.0011253591162025,6.189475139113799e-05,98.55,0.0009164710298428,9.27119183367491e-05,0.0001161761680228
MNIST,64,cpu,1,35.52730083465576,0.0011207905861319,6.164348223725503e-05,98.52,0.0009090770911499,9.656082835018636e-05,0.0001151526666317
MNIST,64,cpu,1,35.53848624229431,0.0011189100201097,6.15400511060344e-05,98.51,0.000911978239582,9.17430974096722e-05,0.000115188683118
MNIST,64,cpu,1,35.38079214096069,0.0011123018186147,6.11766000238086e-05,98.38,0.0009061918963418,9.14350766259432e-05,0.0001146748456469
MNIST,64,cpu,1,35.72383999824524,0.0011245916835347,6.185254259441211e-05,98.44,0.0009154702751534,9.333423061966896e-05,0.0001157871777616
MNIST,64,cpu,1,35.31817674636841,0.0011067021618568,6.0868618902124686e-05,98.49,0.000901819973122,9.041006979644298e-05,0.0001144721189383
MNIST,64,cpu,1,34.917635917663574,0.0011001662359707,6.05091429783913e-05,98.46,0.0008965865908798,9.040322328448297e-05,0.0001131764218064
MNIST,64,cpu,1,35.500184774398804,0.001115894981139,6.137422396264717e-05,98.45,0.0009099272248856,9.090569763978323e-05,0.0001150620586136
MNIST,64,cpu,1,36.74245405197144,0.0011541511172699,6.34783114498458e-05,98.54,0.0009360336952152,9.902647176444532e-05,0.0001190909502902
MNIST,64,cpu,1,35.93373966217041,0.0011321748689138,6.226961779025996e-05,98.52,0.0009207976855264,9.491028785149256e-05,0.0001164668955358
MNIST,64,cpu,1,34.50441551208496,0.0010872199883619,5.979709935990839e-05,98.54,0.0008860853241454,8.929622215032578e-05,0.0001118384420661
MNIST,64,cpu,1,36.33414912223816,0.0011332332744603,6.232783009532165e-05,98.47,0.0009233760434224,9.20922173860338e-05,0.0001177650136518
MNIST,64,cpu,1,37.135478258132935,0.00116327329191,6.398003105505415e-05,98.45,0.0009470662890413,9.584505133986476e-05,0.0001203619515289
MNIST,64,cpu,1,35.04759383201599,0.0011034615130369,6.069038321703419e-05,98.49,0.0009002154976718,8.964833767533304e-05,0.0001135976776898
MNIST,64,cpu,1,35.40140509605408,0.0011063975005766,6.085186253171326e-05,98.47,0.000902133913651,8.952163604822423e-05,0.0001147419508773
MNIST,64,cpu,1,35.48422622680664,0.0011219625005991,6.170793753295429e-05,98.46,0.0009105159417455,9.643383252567716e-05,0.0001150127263279
MNIST,64,cpu,1,35.43843412399292,0.0011105120217721,6.107816119746818e-05,98.47,0.0009050195320706,9.06281883266237e-05,0.0001148643013749
MNIST,128,cpu,1,38.62711262702942,0.0012058276769305,6.632052223118235e-05,98.49,0.0009806993645588,9.993174971342086e-05,0.0001251965626583
MNIST,128,cpu,1,40.53470945358277,0.0012646035550185,6.955319552602285e-05,98.45,0.0010260933514295,0.0001071307394348,0.0001313794641541
MNIST,128,cpu,1,37.80845832824707,0.0011881533092746,6.534843201010508e-05,98.47,0.0009626085589751,0.0001030015631181,0.0001225431871814
MNIST,128,cpu,1,34.81649827957153,0.0010948219083025,6.021520495664135e-05,98.48,0.0008908482279557,9.112756485594644e-05,0.0001128461154908
MNIST,128,cpu,1,35.18023324012756,0.0011042596422084,6.073428032146479e-05,98.46,0.0009000551108768,9.017876058379812e-05,0.0001140257707478
MNIST,128,cpu,1,34.90848398208618,0.0010917014478097,6.0043579629537626e-05,98.48,0.0008881297438365,9.042748983369937e-05,0.0001131442141395
MNIST,128,cpu,1,34.65607404708862,0.001092785875913,6.010322317521512e-05,98.46,0.0008861160619478,9.434257650713128e-05,0.000112327237458
MNIST,128,cpu,1,35.338494062423706,0.0011114143395039,6.112778867271877e-05,98.4,0.0009053447981641,9.153165941476823e-05,0.000114537881925
MNIST,128,cpu,1,34.8083233833313,0.0011060050938733,6.08302801630331e-05,98.47,0.0008918594601536,0.0001013237659347,0.0001128218677849
MNIST,128,cpu,1,34.619837284088135,0.0010930737566318,6.011905661475013e-05,98.45,0.0008874854341544,9.337847609255047e-05,0.0001122098463848
MNIST,128,cpu,1,36.94969463348389,0.0011625079956051,6.393793975828132e-05,98.39,0.0009460478176709,9.670020840975972e-05,0.0001197599695243
MNIST,128,cpu,1,35.70307683944702,0.0011193449568406,6.156397262623741e-05,98.44,0.0009120615696486,9.156361525535582e-05,0.0001157197719366
MNIST,128,cpu,1,35.33016538619995,0.0011069181775566,6.088049976561834e-05,98.44,0.0008998900618559,9.251624023040136e-05,0.0001145118754703
MNIST,128,cpu,1,35.27621340751648,0.0011128350743395,6.120592908867625e-05,98.44,0.0009042506597888,9.42471559449037e-05,0.0001143372586058
MNIST,128,cpu,1,35.473012924194336,0.0011134877587371,6.12418267305427e-05,98.45,0.0009056321717273,9.288075569106472e-05,0.0001149748313186
MNIST,128,cpu,1,34.8099422454834,0.0010939083508841,6.0164959298630016e-05,98.44,0.0008898751766217,9.120817843914032e-05,0.0001128249958232
MNIST,128,cpu,1,34.54963254928589,0.0010836430918196,5.960037005007872e-05,98.47,0.0008811308718485,9.05300998735428e-05,0.0001119821200974
MNIST,128,cpu,1,34.39295482635498,0.0010785182246153,5.931850235384523e-05,98.39,0.0008796478556621,8.739627380112807e-05,0.000111474095152
MNIST,128,cpu,1,36.48985719680786,0.0011449997073667,6.297498390517073e-05,98.46,0.0009301284527132,9.660167559848892e-05,0.0001182695790549
MNIST,128,cpu,1,35.20133566856384,0.0011027475378078,6.065111457943323e-05,98.47,0.0008982407930365,9.041351797064144e-05,0.0001140932268007
MNIST,128,cpu,1,34.20495080947876,0.001073197204526,5.902584624893535e-05,98.44,0.0008735313979912,8.880077242851258e-05,0.0001108650341063
MNIST,128,cpu,1,35.55175065994263,0.001114504114897,6.129772631933865e-05,98.44,0.0009069976611531,9.227669735047552e-05,0.0001152297563934
MNIST,128,cpu,1,35.44736433029175,0.0011090459783927,6.0997528811602464e-05,98.44,0.0009031035741489,9.105056175907454e-05,0.0001148918424847
MNIST,128,cpu,1,35.58298897743225,0.0011326568280349,6.229612554192259e-05,98.46,0.0009022122589914,0.0001151132773617,0.0001153312916817
MNIST,128,cpu,1,34.81660509109497,0.0010944659158703,6.019562537286924e-05,98.49,0.0008857421713709,9.587720863978068e-05,0.0001128465358596
MNIST,128,cpu,1,34.5521936416626,0.0010853819710931,5.969600841012165e-05,98.41,0.0008828800515812,9.051250477963023e-05,0.0001119894147322
MNIST,128,cpu,1,35.0152542591095,0.0010968107552177,6.03245915369735e-05,98.5,0.0008915499785171,9.176969186080828e-05,0.0001134910848397
MNIST,128,cpu,1,35.25661301612854,0.0011073640232388,6.090502127813897e-05,98.46,0.0009006379277319,9.24330830335617e-05,0.0001142930124733
MNIST,128,cpu,1,35.19678449630737,0.0011031783948507,6.067481171678901e-05,98.45,0.0008968698274952,9.223015700876714e-05,0.0001140784103466
MNIST,128,cpu,1,35.028860092163086,0.0010926473411396,6.009560376268136e-05,98.5,0.0008855272264767,9.358490269217228e-05,0.0001135352119707
MNIST,128,cpu,1,38.74648571014404,0.0012091859149657,6.650522532311612e-05,98.48,0.0009830006911221,0.0001006006839819,0.0001255845398616
MNIST,128,cpu,1,34.11693787574768,0.0010748363205623,5.911599763093106e-05,98.44,0.0008721114512997,9.21452300131321e-05,0.0001105796392495
MNIST,128,cpu,1,34.2943480014801,0.00107945113533,5.936981244315181e-05,98.38,0.0008784644030487,8.983242649793624e-05,0.0001111543057833
MNIST,128,cpu,1,34.902976989746094,0.001096482662737,6.030654645053652e-05,98.47,0.0008900446845351,9.330913688686158e-05,0.0001131288413149
MNIST,128,cpu,1,34.92342400550842,0.0010950850211572,6.022967616365044e-05,98.46,0.0008931856498257,8.870583186103238e-05,0.0001131935394705
MNIST,128,cpu,1,35.68432116508484,0.0011177569172108,6.147663044659531e-05,98.4,0.0009095196801151,9.257709570705891e-05,0.0001156601413886
MNIST,128,cpu,1,35.11314010620117,0.0011006740793409,6.053707436375451e-05,98.41,0.0008976758631401,8.91884415968259e-05,0.000113809774604
MNIST,128,cpu,1,38.31965136528015,0.0012041128864809,6.622620875645128e-05,98.44,0.0009754030819885,0.0001045065493102,0.0001242032551821
MNIST,128,cpu,1,35.63438439369202,0.0011158830532086,6.137356792647376e-05,98.41,0.0009070007975445,9.338307688203124e-05,0.000115499178782
MNIST,128,cpu,1,35.524025440216064,0.0011108238928163,6.10953141049012e-05,98.38,0.0009044852888654,9.119842088109915e-05,0.0001151401830698
MNIST,128,cpu,1,34.78475308418274,0.0010917726879966,6.004749783981727e-05,98.46,0.0008868871042313,9.21415406147639e-05,0.0001127440431505
MNIST,128,cpu,1,34.70752453804016,0.0010944073839208,6.019240611564713e-05,98.44,0.0008881351691186,9.377844948768616e-05,0.0001124937653144
MNIST,128,cpu,1,37.332046031951904,0.0011707275406258,6.439001473441964e-05,98.37,0.0009527059107752,9.70207989109887e-05,0.0001210008309395
MNIST,128,cpu,1,35.00776410102844,0.0010977745717151,6.037760144433202e-05,98.47,0.0008942693270815,9.003825913429262e-05,0.0001134669854992
MNIST,128,cpu,1,34.739636182785034,0.0010876363764071,5.982000070239201e-05,98.49,0.0008847115099908,9.032797474861146e-05,0.0001125968916676
MNIST,128,cpu,1,35.70219397544861,0.0011191618615763,6.155390238669905e-05,98.45,0.0009106043576495,9.284089866525598e-05,0.0001157166052615
MNIST,128,cpu,1,35.3135199546814,0.0011150351371177,6.132693254147689e-05,98.42,0.000898372730642,0.0001022045051205,0.0001144579013551
MNIST,128,cpu,1,34.531776666641235,0.0010870756159159,5.978915887537494e-05,98.41,0.000880551208607,9.460031896710396e-05,0.0001119240883417
MNIST,128,cpu,1,34.950605392456055,0.0010913945742492,6.002670158370801e-05,98.48,0.0008872158628276,9.089682727879948e-05,0.0001132818841427
MNIST,128,cpu,1,34.32769417762756,0.0010706864914289,5.8887757028592205e-05,98.44,0.0008701710791918,8.925251298818323e-05,0.0001112628992488
MNIST,128,cpu,1,35.333152532577515,0.0011033734412662,6.068553926964235e-05,98.45,0.0008960394115531,9.28134408632914e-05,0.0001145205888497
MNIST,128,cpu,1,34.84321188926697,0.0010919457445394,6.00570159496703e-05,98.44,0.0008884286290756,9.058322326223054e-05,0.0001129338922015
MNIST,128,cpu,1,36.52075791358948,0.0011530893288595,6.341991308727273e-05,98.46,0.0009348600084429,9.985946331600346e-05,0.0001183698571005
MNIST,128,cpu,1,34.812734842300415,0.0010925745873976,6.0091602306873225e-05,98.5,0.0008882373858671,9.150100566115644e-05,0.0001128361958694
MNIST,128,cpu,1,35.71428871154785,0.0011228267322565,6.175547027411073e-05,98.43,0.0009083881750432,9.868148141092723e-05,0.0001157570758023
MNIST,128,cpu,1,34.92812371253967,0.0010899922938455,5.99495761615034e-05,98.47,0.0008859469782014,9.083746277107134e-05,0.0001132078528729
MNIST,128,cpu,1,34.787765979766846,0.0010871755412777,5.97946547702739e-05,98.45,0.0008793242512366,9.50972654501597e-05,0.0001127540245909
MNIST,128,cpu,1,34.93614387512207,0.0010942945242299,6.018619883264458e-05,98.43,0.0008901995441035,9.085988210174772e-05,0.0001132350980246
MNIST,128,cpu,1,37.20445156097412,0.001164374582861,6.404060205735668e-05,98.49,0.0009470012359337,9.67879624363449e-05,0.0001205853844909
MNIST,128,cpu,1,34.89790940284729,0.001096746080549,6.032103443019592e-05,98.49,0.0008918975562952,9.173851298742823e-05,0.0001131100112663
MNIST,128,cpu,1,37.40923166275024,0.0011657132142358,6.411422678297198e-05,98.44,0.0009460871849246,9.83758547741837e-05,0.0001212501745369
MNIST,128,cpu,1,35.36199688911438,0.0011144895924039,6.129692758221791e-05,98.4,0.0009078648843468,9.200892422397932e-05,0.0001146157838331
MNIST,128,cpu,1,35.082260847091675,0.0010942387717303,6.018313244517199e-05,98.45,0.0008864608419458,9.40697136508094e-05,0.0001137082161337
MNIST,128,cpu,1,37.19296717643738,0.0011632143088692,6.397678698781025e-05,98.48,0.000944989096824,9.76751578503847e-05,0.0001205500541948
MNIST,128,cpu,1,34.93226146697998,0.0010950728621342,6.02290074173844e-05,98.42,0.0008910624439604,9.078720252182748e-05,0.0001132232156519
MNIST,128,cpu,1,35.437111616134644,0.0011113186824418,6.112252753430381e-05,98.46,0.0009043494182011,9.211176063080628e-05,0.0001148575036099
MNIST,128,cpu,1,37.833510875701904,0.0011857980206014,6.521889113308197e-05,98.38,0.0009618513853138,0.0001013210604614,0.0001226255748261
MNIST,128,cpu,1,35.014004707336426,0.0011003730041729,6.052051522951407e-05,98.45,0.0008968887988993,8.999609856128694e-05,0.0001134881067123
MNIST,128,cpu,1,36.39547967910767,0.0011390994544171,6.265046999294268e-05,98.46,0.0009256127066006,9.552296773168776e-05,0.0001179637800847
MNIST,128,cpu,1,35.1407995223999,0.0011045512368785,6.075031802831757e-05,98.41,0.0008975545047096,9.309943585713706e-05,0.0001138972963116
MNIST,128,cpu,1,35.73937129974365,0.001123938344077,6.181660892423573e-05,98.44,0.0009104510241935,9.76489514042934e-05,0.0001158383684791
MNIST,128,cpu,1,35.08843469619751,0.0010999018970084,6.049460433546343e-05,98.43,0.0008932044692852,9.29699086259471e-05,0.0001137275190972
MNIST,128,cpu,1,35.08392405509949,0.0010985177901733,6.041847845953624e-05,98.42,0.0008937118058022,9.109238767160309e-05,0.0001137135966995
MNIST,128,cpu,1,34.69897770881653,0.0010882924572212,5.9856085147169694e-05,98.51,0.0008810779070839,9.474838466061488e-05,0.0001124661654766
MNIST,128,cpu,1,34.2580931186676,0.0010739022777868,5.9064625278277576e-05,98.41,0.0008720677262647,9.079845282197e-05,0.0001110360987001
MNIST,128,cpu,1,38.14379024505615,0.0011937308701464,6.565519785805261e-05,98.43,0.0009699253898285,0.0001001751877849,0.0001236302925328
MNIST,128,cpu,1,34.594221353530884,0.0010853414385638,5.969377912101232e-05,98.43,0.0008823817003492,9.083426386250391e-05,0.0001121254743521
MNIST,128,cpu,1,35.52203178405762,0.0011160526633206,6.13828964826381e-05,98.41,0.0009066564414356,9.426155460993449e-05,0.000115134667275
MNIST,128,cpu,1,41.43225359916687,0.0012916404162225,7.104022289224222e-05,98.45,0.0010495112954417,0.0001078377667129,0.0001342913540679
MNIST,128,cpu,1,34.73671817779541,0.0010917191198727,6.0044551593003054e-05,98.44,0.0008868754225553,9.225545180108812e-05,0.0001125882455163
MNIST,128,cpu,1,41.630587577819824,0.0013010412524262,7.15572688834437e-05,98.5,0.0010523896746888,0.0001137189147744,0.0001349326629629
MNIST,128,cpu,1,35.55846071243286,0.0011098066177018,6.103936397360327e-05,98.39,0.0008983454511757,9.621041719383664e-05,0.0001152507493322
MNIST,128,cpu,1,34.84096026420593,0.0010886684741398,5.987676607769084e-05,98.42,0.0008853074490787,9.043612210591632e-05,0.0001129249029551
MNIST,128,cpu,1,36.77722454071045,0.0011613686785178,6.387527731848172e-05,98.45,0.0009437017152385,9.846611282573808e-05,0.0001192008504535
MNIST,128,cpu,1,35.30747389793396,0.0011109906760247,6.110448718135947e-05,98.45,0.0009009367788043,9.561545955790414e-05,0.0001144384376624
MNIST,128,cpu,1,34.92329835891724,0.0010971487417622,6.034318079692216e-05,98.48,0.0008922787196557,9.167537530422211e-05,0.0001131946468022
MNIST,128,cpu,1,34.854292154312134,0.0010881033406593,5.984568373626534e-05,98.47,0.0008846482196624,9.048574472467104e-05,0.0001129693762722
MNIST,128,cpu,1,37.028770446777344,0.0011695210006432,6.432365503537845e-05,98.43,0.0009482435533164,0.0001012597986939,0.0001200176486328
MNIST,128,cpu,1,35.77382016181946,0.0011209701254233,6.165335689828638e-05,98.43,0.0009128731661312,9.214741640673744e-05,0.0001159495428853
MNIST,128,cpu,1,35.005040407180786,0.0010987962543119,6.043379398715718e-05,98.41,0.0008923412302612,9.299698297904598e-05,0.0001134580410716
MNIST,128,cpu,1,35.60176968574524,0.0011160480985375,6.138264541956759e-05,98.48,0.0009070489642496,9.360791687270004e-05,0.0001153912174151
MNIST,128,cpu,1,35.08437633514404,0.0011037589324596,6.0706741285281054e-05,98.42,0.0008931321253384,9.69116579935286e-05,0.0001137151491276
MNIST,128,cpu,1,34.89826774597168,0.0010874109965707,5.980760481138903e-05,98.46,0.0008825317788026,9.176840440101092e-05,0.000113110813367
MNIST,128,cpu,1,35.71312069892883,0.0011222621160846,6.172441638465826e-05,98.49,0.0009077318620182,9.877721658627191e-05,0.0001157530374801
MNIST,128,cpu,1,34.89977264404297,0.0010999516823964,6.049734253180314e-05,98.44,0.0008885036852468,9.833119816382728e-05,0.0001131167989857
MNIST,128,cpu,1,34.98335933685303,0.0010979172059874,6.0385446329308655e-05,98.46,0.0008934373689159,9.109212663339244e-05,0.000113387710438
MNIST,128,cpu,1,35.81868076324463,0.0011262103006513,6.194156653582464e-05,98.51,0.0009157187047965,9.439746774514516e-05,0.0001160941281096
MNIST,128,cpu,1,34.78243136405945,0.0010907880770082,5.999334423545628e-05,98.42,0.0008865697050885,9.148277632713318e-05,0.0001127355955926
MNIST,128,cpu,1,35.219149589538574,0.0011126704679985,6.119687573992115e-05,98.46,0.0009002329940746,9.828622695843378e-05,0.0001141512469654
MNIST,128,cpu,1,35.20790219306946,0.0011016776860288237,6.059227273158531e-05,98.48,0.0008958470830659,9.171544975737732e-05,0.0001141151532054
